cirID,url,cirName,Lat,Long,Locality,Country
albert_park,http://en.wikipedia.org/wiki/Melbourne_Grand_Prix_Circuit,Albert Park Grand Prix Circuit,-37.8497,144.968,Melbourne,Australia
bahrain,http://en.wikipedia.org/wiki/Bahrain_International_Circuit,Bahrain International Circuit,26.0325,50.5106,Sakhir,Bahrain
catalunya,http://en.wikipedia.org/wiki/Circuit_de_Barcelona-Catalunya,Circuit de Barcelona-Catalunya,41.57,2.26111,Montmeló,Spain
hockenheimring,http://en.wikipedia.org/wiki/Hockenheimring,Hockenheimring,49.3278,8.56583,Hockenheim,Germany
hungaroring,http://en.wikipedia.org/wiki/Hungaroring,Hungaroring,47.5789,19.2486,Budapest,Hungary
interlagos,http://en.wikipedia.org/wiki/Aut%C3%B3dromo_Jos%C3%A9_Carlos_Pace,Autódromo José Carlos Pace,-23.7036,-46.6997,São Paulo,Brazil
istanbul,http://en.wikipedia.org/wiki/Istanbul_Park,Istanbul Park,40.9517,29.405,Istanbul,Turkey
marina_bay,http://en.wikipedia.org/wiki/Marina_Bay_Street_Circuit,Marina Bay Street Circuit,1.2914,103.864,Marina Bay,Singapore
monaco,http://en.wikipedia.org/wiki/Circuit_de_Monaco,Circuit de Monaco,43.7347,7.42056,Monte-Carlo,Monaco
monza,http://en.wikipedia.org/wiki/Autodromo_Nazionale_Monza,Autodromo Nazionale di Monza,45.6156,9.28111,Monza,Italy
sepang,http://en.wikipedia.org/wiki/Sepang_International_Circuit,Sepang International Circuit,2.76083,101.738,Kuala Lumpur,Malaysia
shanghai,http://en.wikipedia.org/wiki/Shanghai_International_Circuit,Shanghai International Circuit,31.3389,121.22,Shanghai,China
silverstone,http://en.wikipedia.org/wiki/Silverstone_Circuit,Silverstone Circuit,52.0786,-1.01694,Silverstone,UK
spa,http://en.wikipedia.org/wiki/Circuit_de_Spa-Francorchamps,Circuit de Spa-Francorchamps,50.4372,5.97139,Spa,Belgium
suzuka,http://en.wikipedia.org/wiki/Suzuka_Circuit,Suzuka Circuit,34.8431,136.541,Suzuka,Japan
valencia,http://en.wikipedia.org/wiki/Valencia_Street_Circuit,Valencia Street Circuit,39.4589,-0.331667,Valencia,Spain
villeneuve,http://en.wikipedia.org/wiki/Circuit_Gilles_Villeneuve,Circuit Gilles Villeneuve,45.5,-73.5228,Montreal,Canada
yas_marina,http://en.wikipedia.org/wiki/Yas_Marina_Circuit,Yas Marina Circuit,24.4672,54.6031,Abu Dhabi,UAE
yeongam,http://en.wikipedia.org/wiki/Korean_International_Circuit,Korean International Circuit,34.7333,126.417,Yeongam County,Korea
albert_park,http://en.wikipedia.org/wiki/Melbourne_Grand_Prix_Circuit,Albert Park Grand Prix Circuit,-37.8497,144.968,Melbourne,Australia
buddh,http://en.wikipedia.org/wiki/Buddh_International_Circuit,Buddh International Circuit,28.3487,77.5331,Uttar Pradesh,India
catalunya,http://en.wikipedia.org/wiki/Circuit_de_Barcelona-Catalunya,Circuit de Barcelona-Catalunya,41.57,2.26111,Montmeló,Spain
hungaroring,http://en.wikipedia.org/wiki/Hungaroring,Hungaroring,47.5789,19.2486,Budapest,Hungary
interlagos,http://en.wikipedia.org/wiki/Aut%C3%B3dromo_Jos%C3%A9_Carlos_Pace,Autódromo José Carlos Pace,-23.7036,-46.6997,São Paulo,Brazil
istanbul,http://en.wikipedia.org/wiki/Istanbul_Park,Istanbul Park,40.9517,29.405,Istanbul,Turkey
marina_bay,http://en.wikipedia.org/wiki/Marina_Bay_Street_Circuit,Marina Bay Street Circuit,1.2914,103.864,Marina Bay,Singapore
monaco,http://en.wikipedia.org/wiki/Circuit_de_Monaco,Circuit de Monaco,43.7347,7.42056,Monte-Carlo,Monaco
monza,http://en.wikipedia.org/wiki/Autodromo_Nazionale_Monza,Autodromo Nazionale di Monza,45.6156,9.28111,Monza,Italy
nurburgring,http://en.wikipedia.org/wiki/N%C3%BCrburgring,Nürburgring,50.3356,6.9475,Nürburg,Germany
sepang,http://en.wikipedia.org/wiki/Sepang_International_Circuit,Sepang International Circuit,2.76083,101.738,Kuala Lumpur,Malaysia
shanghai,http://en.wikipedia.org/wiki/Shanghai_International_Circuit,Shanghai International Circuit,31.3389,121.22,Shanghai,China
silverstone,http://en.wikipedia.org/wiki/Silverstone_Circuit,Silverstone Circuit,52.0786,-1.01694,Silverstone,UK
spa,http://en.wikipedia.org/wiki/Circuit_de_Spa-Francorchamps,Circuit de Spa-Francorchamps,50.4372,5.97139,Spa,Belgium
suzuka,http://en.wikipedia.org/wiki/Suzuka_Circuit,Suzuka Circuit,34.8431,136.541,Suzuka,Japan
valencia,http://en.wikipedia.org/wiki/Valencia_Street_Circuit,Valencia Street Circuit,39.4589,-0.331667,Valencia,Spain
villeneuve,http://en.wikipedia.org/wiki/Circuit_Gilles_Villeneuve,Circuit Gilles Villeneuve,45.5,-73.5228,Montreal,Canada
yas_marina,http://en.wikipedia.org/wiki/Yas_Marina_Circuit,Yas Marina Circuit,24.4672,54.6031,Abu Dhabi,UAE
yeongam,http://en.wikipedia.org/wiki/Korean_International_Circuit,Korean International Circuit,34.7333,126.417,Yeongam County,Korea
albert_park,http://en.wikipedia.org/wiki/Melbourne_Grand_Prix_Circuit,Albert Park Grand Prix Circuit,-37.8497,144.968,Melbourne,Australia
americas,http://en.wikipedia.org/wiki/Circuit_of_the_Americas,Circuit of the Americas,30.1328,-97.6411,Austin,USA
bahrain,http://en.wikipedia.org/wiki/Bahrain_International_Circuit,Bahrain International Circuit,26.0325,50.5106,Sakhir,Bahrain
buddh,http://en.wikipedia.org/wiki/Buddh_International_Circuit,Buddh International Circuit,28.3487,77.5331,Uttar Pradesh,India
catalunya,http://en.wikipedia.org/wiki/Circuit_de_Barcelona-Catalunya,Circuit de Barcelona-Catalunya,41.57,2.26111,Montmeló,Spain
hockenheimring,http://en.wikipedia.org/wiki/Hockenheimring,Hockenheimring,49.3278,8.56583,Hockenheim,Germany
hungaroring,http://en.wikipedia.org/wiki/Hungaroring,Hungaroring,47.5789,19.2486,Budapest,Hungary
interlagos,http://en.wikipedia.org/wiki/Aut%C3%B3dromo_Jos%C3%A9_Carlos_Pace,Autódromo José Carlos Pace,-23.7036,-46.6997,São Paulo,Brazil
marina_bay,http://en.wikipedia.org/wiki/Marina_Bay_Street_Circuit,Marina Bay Street Circuit,1.2914,103.864,Marina Bay,Singapore
monaco,http://en.wikipedia.org/wiki/Circuit_de_Monaco,Circuit de Monaco,43.7347,7.42056,Monte-Carlo,Monaco
monza,http://en.wikipedia.org/wiki/Autodromo_Nazionale_Monza,Autodromo Nazionale di Monza,45.6156,9.28111,Monza,Italy
sepang,http://en.wikipedia.org/wiki/Sepang_International_Circuit,Sepang International Circuit,2.76083,101.738,Kuala Lumpur,Malaysia
shanghai,http://en.wikipedia.org/wiki/Shanghai_International_Circuit,Shanghai International Circuit,31.3389,121.22,Shanghai,China
silverstone,http://en.wikipedia.org/wiki/Silverstone_Circuit,Silverstone Circuit,52.0786,-1.01694,Silverstone,UK
spa,http://en.wikipedia.org/wiki/Circuit_de_Spa-Francorchamps,Circuit de Spa-Francorchamps,50.4372,5.97139,Spa,Belgium
suzuka,http://en.wikipedia.org/wiki/Suzuka_Circuit,Suzuka Circuit,34.8431,136.541,Suzuka,Japan
valencia,http://en.wikipedia.org/wiki/Valencia_Street_Circuit,Valencia Street Circuit,39.4589,-0.331667,Valencia,Spain
villeneuve,http://en.wikipedia.org/wiki/Circuit_Gilles_Villeneuve,Circuit Gilles Villeneuve,45.5,-73.5228,Montreal,Canada
yas_marina,http://en.wikipedia.org/wiki/Yas_Marina_Circuit,Yas Marina Circuit,24.4672,54.6031,Abu Dhabi,UAE
yeongam,http://en.wikipedia.org/wiki/Korean_International_Circuit,Korean International Circuit,34.7333,126.417,Yeongam County,Korea
albert_park,http://en.wikipedia.org/wiki/Melbourne_Grand_Prix_Circuit,Albert Park Grand Prix Circuit,-37.8497,144.968,Melbourne,Australia
americas,http://en.wikipedia.org/wiki/Circuit_of_the_Americas,Circuit of the Americas,30.1328,-97.6411,Austin,USA
bahrain,http://en.wikipedia.org/wiki/Bahrain_International_Circuit,Bahrain International Circuit,26.0325,50.5106,Sakhir,Bahrain
buddh,http://en.wikipedia.org/wiki/Buddh_International_Circuit,Buddh International Circuit,28.3487,77.5331,Uttar Pradesh,India
catalunya,http://en.wikipedia.org/wiki/Circuit_de_Barcelona-Catalunya,Circuit de Barcelona-Catalunya,41.57,2.26111,Montmeló,Spain
hungaroring,http://en.wikipedia.org/wiki/Hungaroring,Hungaroring,47.5789,19.2486,Budapest,Hungary
interlagos,http://en.wikipedia.org/wiki/Aut%C3%B3dromo_Jos%C3%A9_Carlos_Pace,Autódromo José Carlos Pace,-23.7036,-46.6997,São Paulo,Brazil
marina_bay,http://en.wikipedia.org/wiki/Marina_Bay_Street_Circuit,Marina Bay Street Circuit,1.2914,103.864,Marina Bay,Singapore
monaco,http://en.wikipedia.org/wiki/Circuit_de_Monaco,Circuit de Monaco,43.7347,7.42056,Monte-Carlo,Monaco
monza,http://en.wikipedia.org/wiki/Autodromo_Nazionale_Monza,Autodromo Nazionale di Monza,45.6156,9.28111,Monza,Italy
nurburgring,http://en.wikipedia.org/wiki/N%C3%BCrburgring,Nürburgring,50.3356,6.9475,Nürburg,Germany
sepang,http://en.wikipedia.org/wiki/Sepang_International_Circuit,Sepang International Circuit,2.76083,101.738,Kuala Lumpur,Malaysia
shanghai,http://en.wikipedia.org/wiki/Shanghai_International_Circuit,Shanghai International Circuit,31.3389,121.22,Shanghai,China
silverstone,http://en.wikipedia.org/wiki/Silverstone_Circuit,Silverstone Circuit,52.0786,-1.01694,Silverstone,UK
spa,http://en.wikipedia.org/wiki/Circuit_de_Spa-Francorchamps,Circuit de Spa-Francorchamps,50.4372,5.97139,Spa,Belgium
suzuka,http://en.wikipedia.org/wiki/Suzuka_Circuit,Suzuka Circuit,34.8431,136.541,Suzuka,Japan
villeneuve,http://en.wikipedia.org/wiki/Circuit_Gilles_Villeneuve,Circuit Gilles Villeneuve,45.5,-73.5228,Montreal,Canada
yas_marina,http://en.wikipedia.org/wiki/Yas_Marina_Circuit,Yas Marina Circuit,24.4672,54.6031,Abu Dhabi,UAE
yeongam,http://en.wikipedia.org/wiki/Korean_International_Circuit,Korean International Circuit,34.7333,126.417,Yeongam County,Korea
albert_park,http://en.wikipedia.org/wiki/Melbourne_Grand_Prix_Circuit,Albert Park Grand Prix Circuit,-37.8497,144.968,Melbourne,Australia
americas,http://en.wikipedia.org/wiki/Circuit_of_the_Americas,Circuit of the Americas,30.1328,-97.6411,Austin,USA
bahrain,http://en.wikipedia.org/wiki/Bahrain_International_Circuit,Bahrain International Circuit,26.0325,50.5106,Sakhir,Bahrain
catalunya,http://en.wikipedia.org/wiki/Circuit_de_Barcelona-Catalunya,Circuit de Barcelona-Catalunya,41.57,2.26111,Montmeló,Spain
hockenheimring,http://en.wikipedia.org/wiki/Hockenheimring,Hockenheimring,49.3278,8.56583,Hockenheim,Germany
hungaroring,http://en.wikipedia.org/wiki/Hungaroring,Hungaroring,47.5789,19.2486,Budapest,Hungary
interlagos,http://en.wikipedia.org/wiki/Aut%C3%B3dromo_Jos%C3%A9_Carlos_Pace,Autódromo José Carlos Pace,-23.7036,-46.6997,São Paulo,Brazil
marina_bay,http://en.wikipedia.org/wiki/Marina_Bay_Street_Circuit,Marina Bay Street Circuit,1.2914,103.864,Marina Bay,Singapore
monaco,http://en.wikipedia.org/wiki/Circuit_de_Monaco,Circuit de Monaco,43.7347,7.42056,Monte-Carlo,Monaco
monza,http://en.wikipedia.org/wiki/Autodromo_Nazionale_Monza,Autodromo Nazionale di Monza,45.6156,9.28111,Monza,Italy
red_bull_ring,http://en.wikipedia.org/wiki/Red_Bull_Ring,Red Bull Ring,47.2197,14.7647,Spielberg,Austria
sepang,http://en.wikipedia.org/wiki/Sepang_International_Circuit,Sepang International Circuit,2.76083,101.738,Kuala Lumpur,Malaysia
shanghai,http://en.wikipedia.org/wiki/Shanghai_International_Circuit,Shanghai International Circuit,31.3389,121.22,Shanghai,China
silverstone,http://en.wikipedia.org/wiki/Silverstone_Circuit,Silverstone Circuit,52.0786,-1.01694,Silverstone,UK
sochi,http://en.wikipedia.org/wiki/Sochi_Autodrom,Sochi Autodrom,43.4057,39.9578,Sochi,Russia
spa,http://en.wikipedia.org/wiki/Circuit_de_Spa-Francorchamps,Circuit de Spa-Francorchamps,50.4372,5.97139,Spa,Belgium
suzuka,http://en.wikipedia.org/wiki/Suzuka_Circuit,Suzuka Circuit,34.8431,136.541,Suzuka,Japan
villeneuve,http://en.wikipedia.org/wiki/Circuit_Gilles_Villeneuve,Circuit Gilles Villeneuve,45.5,-73.5228,Montreal,Canada
yas_marina,http://en.wikipedia.org/wiki/Yas_Marina_Circuit,Yas Marina Circuit,24.4672,54.6031,Abu Dhabi,UAE
albert_park,http://en.wikipedia.org/wiki/Melbourne_Grand_Prix_Circuit,Albert Park Grand Prix Circuit,-37.8497,144.968,Melbourne,Australia
americas,http://en.wikipedia.org/wiki/Circuit_of_the_Americas,Circuit of the Americas,30.1328,-97.6411,Austin,USA
bahrain,http://en.wikipedia.org/wiki/Bahrain_International_Circuit,Bahrain International Circuit,26.0325,50.5106,Sakhir,Bahrain
catalunya,http://en.wikipedia.org/wiki/Circuit_de_Barcelona-Catalunya,Circuit de Barcelona-Catalunya,41.57,2.26111,Montmeló,Spain
hungaroring,http://en.wikipedia.org/wiki/Hungaroring,Hungaroring,47.5789,19.2486,Budapest,Hungary
interlagos,http://en.wikipedia.org/wiki/Aut%C3%B3dromo_Jos%C3%A9_Carlos_Pace,Autódromo José Carlos Pace,-23.7036,-46.6997,São Paulo,Brazil
marina_bay,http://en.wikipedia.org/wiki/Marina_Bay_Street_Circuit,Marina Bay Street Circuit,1.2914,103.864,Marina Bay,Singapore
monaco,http://en.wikipedia.org/wiki/Circuit_de_Monaco,Circuit de Monaco,43.7347,7.42056,Monte-Carlo,Monaco
monza,http://en.wikipedia.org/wiki/Autodromo_Nazionale_Monza,Autodromo Nazionale di Monza,45.6156,9.28111,Monza,Italy
red_bull_ring,http://en.wikipedia.org/wiki/Red_Bull_Ring,Red Bull Ring,47.2197,14.7647,Spielberg,Austria
rodriguez,http://en.wikipedia.org/wiki/Aut%C3%B3dromo_Hermanos_Rodr%C3%ADguez,Autódromo Hermanos Rodríguez,19.4042,-99.0907,Mexico City,Mexico
sepang,http://en.wikipedia.org/wiki/Sepang_International_Circuit,Sepang International Circuit,2.76083,101.738,Kuala Lumpur,Malaysia
shanghai,http://en.wikipedia.org/wiki/Shanghai_International_Circuit,Shanghai International Circuit,31.3389,121.22,Shanghai,China
silverstone,http://en.wikipedia.org/wiki/Silverstone_Circuit,Silverstone Circuit,52.0786,-1.01694,Silverstone,UK
sochi,http://en.wikipedia.org/wiki/Sochi_Autodrom,Sochi Autodrom,43.4057,39.9578,Sochi,Russia
spa,http://en.wikipedia.org/wiki/Circuit_de_Spa-Francorchamps,Circuit de Spa-Francorchamps,50.4372,5.97139,Spa,Belgium
suzuka,http://en.wikipedia.org/wiki/Suzuka_Circuit,Suzuka Circuit,34.8431,136.541,Suzuka,Japan
villeneuve,http://en.wikipedia.org/wiki/Circuit_Gilles_Villeneuve,Circuit Gilles Villeneuve,45.5,-73.5228,Montreal,Canada
yas_marina,http://en.wikipedia.org/wiki/Yas_Marina_Circuit,Yas Marina Circuit,24.4672,54.6031,Abu Dhabi,UAE
albert_park,http://en.wikipedia.org/wiki/Melbourne_Grand_Prix_Circuit,Albert Park Grand Prix Circuit,-37.8497,144.968,Melbourne,Australia
americas,http://en.wikipedia.org/wiki/Circuit_of_the_Americas,Circuit of the Americas,30.1328,-97.6411,Austin,USA
bahrain,http://en.wikipedia.org/wiki/Bahrain_International_Circuit,Bahrain International Circuit,26.0325,50.5106,Sakhir,Bahrain
baku,http://en.wikipedia.org/wiki/Baku_City_Circuit,Baku City Circuit,40.3725,49.8533,Baku,Azerbaijan
catalunya,http://en.wikipedia.org/wiki/Circuit_de_Barcelona-Catalunya,Circuit de Barcelona-Catalunya,41.57,2.26111,Montmeló,Spain
hockenheimring,http://en.wikipedia.org/wiki/Hockenheimring,Hockenheimring,49.3278,8.56583,Hockenheim,Germany
hungaroring,http://en.wikipedia.org/wiki/Hungaroring,Hungaroring,47.5789,19.2486,Budapest,Hungary
interlagos,http://en.wikipedia.org/wiki/Aut%C3%B3dromo_Jos%C3%A9_Carlos_Pace,Autódromo José Carlos Pace,-23.7036,-46.6997,São Paulo,Brazil
marina_bay,http://en.wikipedia.org/wiki/Marina_Bay_Street_Circuit,Marina Bay Street Circuit,1.2914,103.864,Marina Bay,Singapore
monaco,http://en.wikipedia.org/wiki/Circuit_de_Monaco,Circuit de Monaco,43.7347,7.42056,Monte-Carlo,Monaco
monza,http://en.wikipedia.org/wiki/Autodromo_Nazionale_Monza,Autodromo Nazionale di Monza,45.6156,9.28111,Monza,Italy
red_bull_ring,http://en.wikipedia.org/wiki/Red_Bull_Ring,Red Bull Ring,47.2197,14.7647,Spielberg,Austria
rodriguez,http://en.wikipedia.org/wiki/Aut%C3%B3dromo_Hermanos_Rodr%C3%ADguez,Autódromo Hermanos Rodríguez,19.4042,-99.0907,Mexico City,Mexico
sepang,http://en.wikipedia.org/wiki/Sepang_International_Circuit,Sepang International Circuit,2.76083,101.738,Kuala Lumpur,Malaysia
shanghai,http://en.wikipedia.org/wiki/Shanghai_International_Circuit,Shanghai International Circuit,31.3389,121.22,Shanghai,China
silverstone,http://en.wikipedia.org/wiki/Silverstone_Circuit,Silverstone Circuit,52.0786,-1.01694,Silverstone,UK
sochi,http://en.wikipedia.org/wiki/Sochi_Autodrom,Sochi Autodrom,43.4057,39.9578,Sochi,Russia
spa,http://en.wikipedia.org/wiki/Circuit_de_Spa-Francorchamps,Circuit de Spa-Francorchamps,50.4372,5.97139,Spa,Belgium
suzuka,http://en.wikipedia.org/wiki/Suzuka_Circuit,Suzuka Circuit,34.8431,136.541,Suzuka,Japan
villeneuve,http://en.wikipedia.org/wiki/Circuit_Gilles_Villeneuve,Circuit Gilles Villeneuve,45.5,-73.5228,Montreal,Canada
yas_marina,http://en.wikipedia.org/wiki/Yas_Marina_Circuit,Yas Marina Circuit,24.4672,54.6031,Abu Dhabi,UAE
albert_park,http://en.wikipedia.org/wiki/Melbourne_Grand_Prix_Circuit,Albert Park Grand Prix Circuit,-37.8497,144.968,Melbourne,Australia
americas,http://en.wikipedia.org/wiki/Circuit_of_the_Americas,Circuit of the Americas,30.1328,-97.6411,Austin,USA
bahrain,http://en.wikipedia.org/wiki/Bahrain_International_Circuit,Bahrain International Circuit,26.0325,50.5106,Sakhir,Bahrain
baku,http://en.wikipedia.org/wiki/Baku_City_Circuit,Baku City Circuit,40.3725,49.8533,Baku,Azerbaijan
catalunya,http://en.wikipedia.org/wiki/Circuit_de_Barcelona-Catalunya,Circuit de Barcelona-Catalunya,41.57,2.26111,Montmeló,Spain
hungaroring,http://en.wikipedia.org/wiki/Hungaroring,Hungaroring,47.5789,19.2486,Budapest,Hungary
interlagos,http://en.wikipedia.org/wiki/Aut%C3%B3dromo_Jos%C3%A9_Carlos_Pace,Autódromo José Carlos Pace,-23.7036,-46.6997,São Paulo,Brazil
marina_bay,http://en.wikipedia.org/wiki/Marina_Bay_Street_Circuit,Marina Bay Street Circuit,1.2914,103.864,Marina Bay,Singapore
monaco,http://en.wikipedia.org/wiki/Circuit_de_Monaco,Circuit de Monaco,43.7347,7.42056,Monte-Carlo,Monaco
monza,http://en.wikipedia.org/wiki/Autodromo_Nazionale_Monza,Autodromo Nazionale di Monza,45.6156,9.28111,Monza,Italy
red_bull_ring,http://en.wikipedia.org/wiki/Red_Bull_Ring,Red Bull Ring,47.2197,14.7647,Spielberg,Austria
rodriguez,http://en.wikipedia.org/wiki/Aut%C3%B3dromo_Hermanos_Rodr%C3%ADguez,Autódromo Hermanos Rodríguez,19.4042,-99.0907,Mexico City,Mexico
sepang,http://en.wikipedia.org/wiki/Sepang_International_Circuit,Sepang International Circuit,2.76083,101.738,Kuala Lumpur,Malaysia
shanghai,http://en.wikipedia.org/wiki/Shanghai_International_Circuit,Shanghai International Circuit,31.3389,121.22,Shanghai,China
silverstone,http://en.wikipedia.org/wiki/Silverstone_Circuit,Silverstone Circuit,52.0786,-1.01694,Silverstone,UK
sochi,http://en.wikipedia.org/wiki/Sochi_Autodrom,Sochi Autodrom,43.4057,39.9578,Sochi,Russia
spa,http://en.wikipedia.org/wiki/Circuit_de_Spa-Francorchamps,Circuit de Spa-Francorchamps,50.4372,5.97139,Spa,Belgium
suzuka,http://en.wikipedia.org/wiki/Suzuka_Circuit,Suzuka Circuit,34.8431,136.541,Suzuka,Japan
villeneuve,http://en.wikipedia.org/wiki/Circuit_Gilles_Villeneuve,Circuit Gilles Villeneuve,45.5,-73.5228,Montreal,Canada
yas_marina,http://en.wikipedia.org/wiki/Yas_Marina_Circuit,Yas Marina Circuit,24.4672,54.6031,Abu Dhabi,UAE
albert_park,http://en.wikipedia.org/wiki/Melbourne_Grand_Prix_Circuit,Albert Park Grand Prix Circuit,-37.8497,144.968,Melbourne,Australia
americas,http://en.wikipedia.org/wiki/Circuit_of_the_Americas,Circuit of the Americas,30.1328,-97.6411,Austin,USA
bahrain,http://en.wikipedia.org/wiki/Bahrain_International_Circuit,Bahrain International Circuit,26.0325,50.5106,Sakhir,Bahrain
baku,http://en.wikipedia.org/wiki/Baku_City_Circuit,Baku City Circuit,40.3725,49.8533,Baku,Azerbaijan
catalunya,http://en.wikipedia.org/wiki/Circuit_de_Barcelona-Catalunya,Circuit de Barcelona-Catalunya,41.57,2.26111,Montmeló,Spain
hockenheimring,http://en.wikipedia.org/wiki/Hockenheimring,Hockenheimring,49.3278,8.56583,Hockenheim,Germany
hungaroring,http://en.wikipedia.org/wiki/Hungaroring,Hungaroring,47.5789,19.2486,Budapest,Hungary
interlagos,http://en.wikipedia.org/wiki/Aut%C3%B3dromo_Jos%C3%A9_Carlos_Pace,Autódromo José Carlos Pace,-23.7036,-46.6997,São Paulo,Brazil
marina_bay,http://en.wikipedia.org/wiki/Marina_Bay_Street_Circuit,Marina Bay Street Circuit,1.2914,103.864,Marina Bay,Singapore
monaco,http://en.wikipedia.org/wiki/Circuit_de_Monaco,Circuit de Monaco,43.7347,7.42056,Monte-Carlo,Monaco
monza,http://en.wikipedia.org/wiki/Autodromo_Nazionale_Monza,Autodromo Nazionale di Monza,45.6156,9.28111,Monza,Italy
red_bull_ring,http://en.wikipedia.org/wiki/Red_Bull_Ring,Red Bull Ring,47.2197,14.7647,Spielberg,Austria
ricard,http://en.wikipedia.org/wiki/Paul_Ricard_Circuit,Circuit Paul Ricard,43.2506,5.79167,Le Castellet,France
rodriguez,http://en.wikipedia.org/wiki/Aut%C3%B3dromo_Hermanos_Rodr%C3%ADguez,Autódromo Hermanos Rodríguez,19.4042,-99.0907,Mexico City,Mexico
shanghai,http://en.wikipedia.org/wiki/Shanghai_International_Circuit,Shanghai International Circuit,31.3389,121.22,Shanghai,China
silverstone,http://en.wikipedia.org/wiki/Silverstone_Circuit,Silverstone Circuit,52.0786,-1.01694,Silverstone,UK
sochi,http://en.wikipedia.org/wiki/Sochi_Autodrom,Sochi Autodrom,43.4057,39.9578,Sochi,Russia
spa,http://en.wikipedia.org/wiki/Circuit_de_Spa-Francorchamps,Circuit de Spa-Francorchamps,50.4372,5.97139,Spa,Belgium
suzuka,http://en.wikipedia.org/wiki/Suzuka_Circuit,Suzuka Circuit,34.8431,136.541,Suzuka,Japan
villeneuve,http://en.wikipedia.org/wiki/Circuit_Gilles_Villeneuve,Circuit Gilles Villeneuve,45.5,-73.5228,Montreal,Canada
yas_marina,http://en.wikipedia.org/wiki/Yas_Marina_Circuit,Yas Marina Circuit,24.4672,54.6031,Abu Dhabi,UAE
albert_park,http://en.wikipedia.org/wiki/Melbourne_Grand_Prix_Circuit,Albert Park Grand Prix Circuit,-37.8497,144.968,Melbourne,Australia
americas,http://en.wikipedia.org/wiki/Circuit_of_the_Americas,Circuit of the Americas,30.1328,-97.6411,Austin,USA
bahrain,http://en.wikipedia.org/wiki/Bahrain_International_Circuit,Bahrain International Circuit,26.0325,50.5106,Sakhir,Bahrain
baku,http://en.wikipedia.org/wiki/Baku_City_Circuit,Baku City Circuit,40.3725,49.8533,Baku,Azerbaijan
catalunya,http://en.wikipedia.org/wiki/Circuit_de_Barcelona-Catalunya,Circuit de Barcelona-Catalunya,41.57,2.26111,Montmeló,Spain
hockenheimring,http://en.wikipedia.org/wiki/Hockenheimring,Hockenheimring,49.3278,8.56583,Hockenheim,Germany
hungaroring,http://en.wikipedia.org/wiki/Hungaroring,Hungaroring,47.5789,19.2486,Budapest,Hungary
interlagos,http://en.wikipedia.org/wiki/Aut%C3%B3dromo_Jos%C3%A9_Carlos_Pace,Autódromo José Carlos Pace,-23.7036,-46.6997,São Paulo,Brazil
marina_bay,http://en.wikipedia.org/wiki/Marina_Bay_Street_Circuit,Marina Bay Street Circuit,1.2914,103.864,Marina Bay,Singapore
monaco,http://en.wikipedia.org/wiki/Circuit_de_Monaco,Circuit de Monaco,43.7347,7.42056,Monte-Carlo,Monaco
monza,http://en.wikipedia.org/wiki/Autodromo_Nazionale_Monza,Autodromo Nazionale di Monza,45.6156,9.28111,Monza,Italy
red_bull_ring,http://en.wikipedia.org/wiki/Red_Bull_Ring,Red Bull Ring,47.2197,14.7647,Spielberg,Austria
ricard,http://en.wikipedia.org/wiki/Paul_Ricard_Circuit,Circuit Paul Ricard,43.2506,5.79167,Le Castellet,France
rodriguez,http://en.wikipedia.org/wiki/Aut%C3%B3dromo_Hermanos_Rodr%C3%ADguez,Autódromo Hermanos Rodríguez,19.4042,-99.0907,Mexico City,Mexico
shanghai,http://en.wikipedia.org/wiki/Shanghai_International_Circuit,Shanghai International Circuit,31.3389,121.22,Shanghai,China
silverstone,http://en.wikipedia.org/wiki/Silverstone_Circuit,Silverstone Circuit,52.0786,-1.01694,Silverstone,UK
sochi,http://en.wikipedia.org/wiki/Sochi_Autodrom,Sochi Autodrom,43.4057,39.9578,Sochi,Russia
spa,http://en.wikipedia.org/wiki/Circuit_de_Spa-Francorchamps,Circuit de Spa-Francorchamps,50.4372,5.97139,Spa,Belgium
suzuka,http://en.wikipedia.org/wiki/Suzuka_Circuit,Suzuka Circuit,34.8431,136.541,Suzuka,Japan
villeneuve,http://en.wikipedia.org/wiki/Circuit_Gilles_Villeneuve,Circuit Gilles Villeneuve,45.5,-73.5228,Montreal,Canada
yas_marina,http://en.wikipedia.org/wiki/Yas_Marina_Circuit,Yas Marina Circuit,24.4672,54.6031,Abu Dhabi,UAE
bahrain,http://en.wikipedia.org/wiki/Bahrain_International_Circuit,Bahrain International Circuit,26.0325,50.5106,Sakhir,Bahrain
catalunya,http://en.wikipedia.org/wiki/Circuit_de_Barcelona-Catalunya,Circuit de Barcelona-Catalunya,41.57,2.26111,Montmeló,Spain
hungaroring,http://en.wikipedia.org/wiki/Hungaroring,Hungaroring,47.5789,19.2486,Budapest,Hungary
imola,http://en.wikipedia.org/wiki/Autodromo_Enzo_e_Dino_Ferrari,Autodromo Enzo e Dino Ferrari,44.3439,11.7167,Imola,Italy
istanbul,http://en.wikipedia.org/wiki/Istanbul_Park,Istanbul Park,40.9517,29.405,Istanbul,Turkey
monza,http://en.wikipedia.org/wiki/Autodromo_Nazionale_Monza,Autodromo Nazionale di Monza,45.6156,9.28111,Monza,Italy
mugello,http://en.wikipedia.org/wiki/Mugello_Circuit,Autodromo Internazionale del Mugello,43.9975,11.3719,Mugello,Italy
nurburgring,http://en.wikipedia.org/wiki/N%C3%BCrburgring,Nürburgring,50.3356,6.9475,Nürburg,Germany
portimao,http://en.wikipedia.org/wiki/Algarve_International_Circuit,Autódromo Internacional do Algarve,37.227,-8.6267,Portimão,Portugal
red_bull_ring,http://en.wikipedia.org/wiki/Red_Bull_Ring,Red Bull Ring,47.2197,14.7647,Spielberg,Austria
silverstone,http://en.wikipedia.org/wiki/Silverstone_Circuit,Silverstone Circuit,52.0786,-1.01694,Silverstone,UK
sochi,http://en.wikipedia.org/wiki/Sochi_Autodrom,Sochi Autodrom,43.4057,39.9578,Sochi,Russia
spa,http://en.wikipedia.org/wiki/Circuit_de_Spa-Francorchamps,Circuit de Spa-Francorchamps,50.4372,5.97139,Spa,Belgium
yas_marina,http://en.wikipedia.org/wiki/Yas_Marina_Circuit,Yas Marina Circuit,24.4672,54.6031,Abu Dhabi,UAE
americas,http://en.wikipedia.org/wiki/Circuit_of_the_Americas,Circuit of the Americas,30.1328,-97.6411,Austin,USA
bahrain,http://en.wikipedia.org/wiki/Bahrain_International_Circuit,Bahrain International Circuit,26.0325,50.5106,Sakhir,Bahrain
baku,http://en.wikipedia.org/wiki/Baku_City_Circuit,Baku City Circuit,40.3725,49.8533,Baku,Azerbaijan
catalunya,http://en.wikipedia.org/wiki/Circuit_de_Barcelona-Catalunya,Circuit de Barcelona-Catalunya,41.57,2.26111,Montmeló,Spain
hungaroring,http://en.wikipedia.org/wiki/Hungaroring,Hungaroring,47.5789,19.2486,Budapest,Hungary
imola,http://en.wikipedia.org/wiki/Autodromo_Enzo_e_Dino_Ferrari,Autodromo Enzo e Dino Ferrari,44.3439,11.7167,Imola,Italy
interlagos,http://en.wikipedia.org/wiki/Aut%C3%B3dromo_Jos%C3%A9_Carlos_Pace,Autódromo José Carlos Pace,-23.7036,-46.6997,São Paulo,Brazil
istanbul,http://en.wikipedia.org/wiki/Istanbul_Park,Istanbul Park,40.9517,29.405,Istanbul,Turkey
jeddah,http://en.wikipedia.org/wiki/Jeddah_Street_Circuit,Jeddah Corniche Circuit,21.6319,39.1044,Jeddah,Saudi Arabia
losail,http://en.wikipedia.org/wiki/Losail_International_Circuit,Losail International Circuit,25.49,51.4542,Al Daayen,Qatar
monaco,http://en.wikipedia.org/wiki/Circuit_de_Monaco,Circuit de Monaco,43.7347,7.42056,Monte-Carlo,Monaco
monza,http://en.wikipedia.org/wiki/Autodromo_Nazionale_Monza,Autodromo Nazionale di Monza,45.6156,9.28111,Monza,Italy
portimao,http://en.wikipedia.org/wiki/Algarve_International_Circuit,Autódromo Internacional do Algarve,37.227,-8.6267,Portimão,Portugal
red_bull_ring,http://en.wikipedia.org/wiki/Red_Bull_Ring,Red Bull Ring,47.2197,14.7647,Spielberg,Austria
ricard,http://en.wikipedia.org/wiki/Paul_Ricard_Circuit,Circuit Paul Ricard,43.2506,5.79167,Le Castellet,France
rodriguez,http://en.wikipedia.org/wiki/Aut%C3%B3dromo_Hermanos_Rodr%C3%ADguez,Autódromo Hermanos Rodríguez,19.4042,-99.0907,Mexico City,Mexico
silverstone,http://en.wikipedia.org/wiki/Silverstone_Circuit,Silverstone Circuit,52.0786,-1.01694,Silverstone,UK
sochi,http://en.wikipedia.org/wiki/Sochi_Autodrom,Sochi Autodrom,43.4057,39.9578,Sochi,Russia
spa,http://en.wikipedia.org/wiki/Circuit_de_Spa-Francorchamps,Circuit de Spa-Francorchamps,50.4372,5.97139,Spa,Belgium
yas_marina,http://en.wikipedia.org/wiki/Yas_Marina_Circuit,Yas Marina Circuit,24.4672,54.6031,Abu Dhabi,UAE
zandvoort,http://en.wikipedia.org/wiki/Circuit_Zandvoort,Circuit Park Zandvoort,52.3888,4.54092,Zandvoort,Netherlands
albert_park,http://en.wikipedia.org/wiki/Melbourne_Grand_Prix_Circuit,Albert Park Grand Prix Circuit,-37.8497,144.968,Melbourne,Australia
americas,http://en.wikipedia.org/wiki/Circuit_of_the_Americas,Circuit of the Americas,30.1328,-97.6411,Austin,USA
bahrain,http://en.wikipedia.org/wiki/Bahrain_International_Circuit,Bahrain International Circuit,26.0325,50.5106,Sakhir,Bahrain
baku,http://en.wikipedia.org/wiki/Baku_City_Circuit,Baku City Circuit,40.3725,49.8533,Baku,Azerbaijan
catalunya,http://en.wikipedia.org/wiki/Circuit_de_Barcelona-Catalunya,Circuit de Barcelona-Catalunya,41.57,2.26111,Montmeló,Spain
hungaroring,http://en.wikipedia.org/wiki/Hungaroring,Hungaroring,47.5789,19.2486,Budapest,Hungary
imola,http://en.wikipedia.org/wiki/Autodromo_Enzo_e_Dino_Ferrari,Autodromo Enzo e Dino Ferrari,44.3439,11.7167,Imola,Italy
interlagos,http://en.wikipedia.org/wiki/Aut%C3%B3dromo_Jos%C3%A9_Carlos_Pace,Autódromo José Carlos Pace,-23.7036,-46.6997,São Paulo,Brazil
jeddah,http://en.wikipedia.org/wiki/Jeddah_Street_Circuit,Jeddah Corniche Circuit,21.6319,39.1044,Jeddah,Saudi Arabia
marina_bay,http://en.wikipedia.org/wiki/Marina_Bay_Street_Circuit,Marina Bay Street Circuit,1.2914,103.864,Marina Bay,Singapore
miami,http://en.wikipedia.org/wiki/Miami_International_Autodrome,Miami International Autodrome,25.9581,-80.2389,Miami,USA
monaco,http://en.wikipedia.org/wiki/Circuit_de_Monaco,Circuit de Monaco,43.7347,7.42056,Monte-Carlo,Monaco
monza,http://en.wikipedia.org/wiki/Autodromo_Nazionale_Monza,Autodromo Nazionale di Monza,45.6156,9.28111,Monza,Italy
red_bull_ring,http://en.wikipedia.org/wiki/Red_Bull_Ring,Red Bull Ring,47.2197,14.7647,Spielberg,Austria
ricard,http://en.wikipedia.org/wiki/Paul_Ricard_Circuit,Circuit Paul Ricard,43.2506,5.79167,Le Castellet,France
rodriguez,http://en.wikipedia.org/wiki/Aut%C3%B3dromo_Hermanos_Rodr%C3%ADguez,Autódromo Hermanos Rodríguez,19.4042,-99.0907,Mexico City,Mexico
silverstone,http://en.wikipedia.org/wiki/Silverstone_Circuit,Silverstone Circuit,52.0786,-1.01694,Silverstone,UK
spa,http://en.wikipedia.org/wiki/Circuit_de_Spa-Francorchamps,Circuit de Spa-Francorchamps,50.4372,5.97139,Spa,Belgium
suzuka,http://en.wikipedia.org/wiki/Suzuka_Circuit,Suzuka Circuit,34.8431,136.541,Suzuka,Japan
villeneuve,http://en.wikipedia.org/wiki/Circuit_Gilles_Villeneuve,Circuit Gilles Villeneuve,45.5,-73.5228,Montreal,Canada
yas_marina,http://en.wikipedia.org/wiki/Yas_Marina_Circuit,Yas Marina Circuit,24.4672,54.6031,Abu Dhabi,UAE
zandvoort,http://en.wikipedia.org/wiki/Circuit_Zandvoort,Circuit Park Zandvoort,52.3888,4.54092,Zandvoort,Netherlands
